lag,MSE,R2
1,1.2634286723720273e-10,0.24265640808504918
3,9.831565934190762e-11,0.41066135179840213
5,1.0960816833085268e-10,0.3432511479257637
